-- =====================================================
-- SEED DATA FOR PSYCHIATRIC HOSPITAL (Hospital 10)
-- =====================================================

-- =====================================================
-- CLINICAL STAFF ROSTER
-- =====================================================
INSERT INTO clinical_staff (staff_number, last_name, first_name, professional_designation, staff_role, clinical_specialties, license_type, license_id, license_expiration, prescribing_authority, crisis_certified, trauma_informed_trained, hire_date, work_schedule, email_work, phone_direct, employee_status) VALUES
('PSY-MD-001', 'Richardson', 'Amanda', 'MD Psychiatrist', 'Attending Psychiatrist', 'Adult Psychiatry, Psychopharmacology', 'Medical License', 'MD-123456-IL', '2027-12-31', TRUE, TRUE, TRUE, '2018-03-15', 'DAYS_WEEKDAYS', 'a.richardson@psychhosp.org', '312-555-1001', 'ACTIVE'),
('PSY-MD-002', 'Kumar', 'Anil', 'MD Psychiatrist', 'Child/Adolescent Psychiatrist', 'Child Psychiatry, Family Therapy', 'Medical License', 'MD-234567-IL', '2028-06-30', TRUE, TRUE, TRUE, '2019-07-20', 'DAYS_WEEKDAYS', 'a.kumar@psychhosp.org', '312-555-1002', 'ACTIVE'),
('PSY-MD-003', 'Thompson', 'Gerald', 'MD Psychiatrist', 'Geriatric Psychiatrist', 'Geriatric Psychiatry, Dementia Care', 'Medical License', 'MD-345678-IL', '2027-03-31', TRUE, FALSE, TRUE, '2017-01-10', 'DAYS_WEEKDAYS', 'g.thompson@psychhosp.org', '312-555-1003', 'ACTIVE'),
('PSY-MD-004', 'Martinez', 'Sofia', 'MD Psychiatrist, FASAM', 'Addiction Medicine', 'Substance Use Disorders, Dual Diagnosis', 'Medical License', 'MD-456789-IL', '2028-09-30', TRUE, TRUE, TRUE, '2020-09-01', 'DAYS_WEEKDAYS', 's.martinez@psychhosp.org', '312-555-1004', 'ACTIVE'),
('PSY-PHD-001', 'Chen', 'Lisa', 'PhD Clinical Psychologist', 'Staff Psychologist', 'CBT, DBT, Trauma Therapy', 'Psychology License', 'PSY-567890-IL', '2027-11-30', FALSE, TRUE, TRUE, '2019-04-12', 'DAYS_WEEKDAYS', 'l.chen@psychhosp.org', '312-555-1101', 'ACTIVE'),
('PSY-LCSW-001', 'Johnson', 'Michael', 'LCSW', 'Clinical Social Worker', 'Case Management, Discharge Planning', 'Social Work License', 'LCSW-678901-IL', '2028-02-28', FALSE, TRUE, TRUE, '2018-11-05', 'DAYS_WEEKDAYS', 'm.johnson@psychhosp.org', '312-555-1201', 'ACTIVE'),
('PSY-RN-001', 'Williams', 'Patricia', 'RN PMH-BC', 'Psychiatric Nurse', 'Acute Psychiatry, Crisis Intervention', 'Nursing License', 'RN-789012-IL', '2027-08-31', FALSE, TRUE, TRUE, '2016-05-20', 'ROTATING_12HR', 'p.williams@psychhosp.org', '312-555-1301', 'ACTIVE'),
('PSY-RN-002', 'Davis', 'Robert', 'RN', 'Psychiatric Nurse', 'Substance Abuse, Group Therapy', 'Nursing License', 'RN-890123-IL', '2028-04-30', FALSE, TRUE, TRUE, '2020-02-15', 'NIGHTS_12HR', 'r.davis@psychhosp.org', '312-555-1302', 'ACTIVE'),
('PSY-LMFT-001', 'Garcia', 'Elena', 'LMFT', 'Marriage Family Therapist', 'Family Systems, Couples Therapy', 'LMFT License', 'LMFT-901234-IL', '2027-10-31', FALSE, FALSE, TRUE, '2021-08-10', 'DAYS_FLEXIBLE', 'e.garcia@psychhosp.org', '312-555-1401', 'ACTIVE'),
('PSY-MD-005', 'Brown', 'David', 'MD Psychiatrist', 'Crisis Psychiatrist', 'Emergency Psychiatry, Risk Assessment', 'Medical License', 'MD-012345-IL', '2028-01-31', TRUE, TRUE, TRUE, '2019-10-01', 'ROTATING_24_7', 'd.brown@psychhosp.org', '312-555-1005', 'ACTIVE');

-- =====================================================
-- UPDATE PROGRAM UNITS WITH DIRECTORS
-- =====================================================
UPDATE program_unit SET medical_director_id = (SELECT clinician_id FROM clinical_staff WHERE staff_number = 'PSY-MD-001') WHERE program_code = 'ACUTE-IP';
UPDATE program_unit SET medical_director_id = (SELECT clinician_id FROM clinical_staff WHERE staff_number = 'PSY-MD-002') WHERE program_code = 'ADOL-IP';
UPDATE program_unit SET medical_director_id = (SELECT clinician_id FROM clinical_staff WHERE staff_number = 'PSY-MD-003') WHERE program_code = 'GERI-IP';
UPDATE program_unit SET medical_director_id = (SELECT clinician_id FROM clinical_staff WHERE staff_number = 'PSY-MD-004') WHERE program_code = 'DUAL-DX';
UPDATE program_unit SET medical_director_id = (SELECT clinician_id FROM clinical_staff WHERE staff_number = 'PSY-MD-005') WHERE program_code = 'CRISIS';

-- =====================================================
-- CLIENT MASTER FILE
-- =====================================================
INSERT INTO client_master (client_number, surname, first_name, preferred_name, date_of_birth, gender_assigned, gender_current, pronouns, primary_language, marital_status, education_level, employment_status, living_situation, phone_number, street_address, city, state_code, zip_code, emergency_contact_person, emergency_contact_relation, emergency_contact_number, insurance_carrier, insurance_policy_number, consent_to_treat_signed, hipaa_authorization_signed, client_status, admitted_date) VALUES
('MH-2025-001', 'Anderson', 'Sarah', 'Sarah', '1990-05-15', 'Female', 'Female', 'she/her', 'English', 'Single', 'Bachelors Degree', 'On Disability', 'Lives Alone', '312-555-2001', '123 Elm Street', 'Chicago', 'IL', '60601', 'Mary Anderson', 'Mother', '312-555-2002', 'Blue Cross Blue Shield', 'BCBS-123456', TRUE, TRUE, 'ACTIVE', '2025-02-15'),
('MH-2025-002', 'Rodriguez', 'Carlos', 'Carlos', '1975-11-22', 'Male', 'Male', 'he/him', 'Spanish', 'Married', 'High School Diploma', 'Unemployed', 'With Family', '773-555-3001', '456 Oak Avenue', 'Chicago', 'IL', '60614', 'Maria Rodriguez', 'Wife', '773-555-3002', 'Medicaid', 'IL-MED-789012', TRUE, TRUE, 'ACTIVE', '2025-02-18'),
('MH-2025-003', 'Johnson', 'Michael', 'Mike', '2005-03-08', 'Male', 'Male', 'he/him', 'English', 'Single', 'High School Student', 'Student', 'With Parents', '847-555-4001', '789 Maple Drive', 'Evanston', 'IL', '60201', 'Linda Johnson', 'Mother', '847-555-4002', 'Aetna', 'AET-345678', TRUE, TRUE, 'ACTIVE', '2025-02-20'),
('MH-2025-004', 'Williams', 'Dorothy', 'Dorothy', '1955-08-30', 'Female', 'Female', 'she/her', 'English', 'Widowed', 'Some College', 'Retired', 'Lives Alone', '630-555-5001', '234 Pine Road', 'Oak Park', 'IL', '60302', 'James Williams', 'Son', '630-555-5002', 'Medicare', 'MCARE-901234', TRUE, TRUE, 'ACTIVE', '2025-02-22'),
('MH-2025-005', 'Davis', 'Robert', 'Rob', '1985-12-10', 'Male', 'Male', 'he/him', 'English', 'Divorced', 'Associates Degree', 'Part-time Work', 'Group Home', '708-555-6001', '567 Cedar Lane', 'Berwyn', 'IL', '60402', 'Susan Davis', 'Sister', '708-555-6002', 'United Healthcare', 'UHC-567890', TRUE, TRUE, 'ACTIVE', '2025-02-25'),
('MH-2025-006', 'Taylor', 'Jennifer', 'Jen', '1998-07-18', 'Female', 'Non-binary', 'they/them', 'English', 'Single', 'Some College', 'Unemployed', 'Homeless/Shelter', '312-555-7001', 'General Delivery', 'Chicago', 'IL', '60601', 'Robert Taylor', 'Father', '312-555-7002', 'Medicaid', 'IL-MED-234567', TRUE, TRUE, 'ACTIVE', '2025-02-28'),
('MH-2025-007', 'Martinez', 'Antonio', 'Tony', '1980-04-25', 'Male', 'Male', 'he/him', 'Spanish', 'Married', 'Bachelors Degree', 'Full-time Work', 'With Family', '773-555-8001', '890 Birch Court', 'Chicago', 'IL', '60625', 'Rosa Martinez', 'Wife', '773-555-8002', 'Cigna', 'CIG-890123', TRUE, TRUE, 'ACTIVE', '2026-01-05'),
('MH-2025-008', 'Wilson', 'Emily', 'Emily', '2003-09-14', 'Female', 'Female', 'she/her', 'English', 'Single', 'High School Student', 'Student', 'With Parents', '847-555-9001', '345 Spruce Street', 'Wilmette', 'IL', '60091', 'Karen Wilson', 'Mother', '847-555-9002', 'Blue Cross Blue Shield', 'BCBS-456789', TRUE, TRUE, 'ACTIVE', '2026-01-10');

-- =====================================================
-- PSYCHIATRIC ASSESSMENTS
-- =====================================================
INSERT INTO psychiatric_assessment (client_id, clinician_id, assessment_date, assessment_time, assessment_type, presenting_problem, history_of_present_illness, psychiatric_history, substance_use_history, mental_status_exam, mood_description, affect_description, thought_process, thought_content, suicidal_ideation, homicidal_ideation, insight_level, judgment_level, risk_level, dsm5_diagnosis_primary, dsm5_code_primary, dsm5_diagnosis_secondary, dsm5_code_secondary, severity_rating, assessment_summary) VALUES
(1, 1, '2025-02-15', '10:00', 'INTAKE', 'Severe depression, suicidal thoughts', 'Patient reports 3-month history of worsening depression with passive suicidal ideation. Unable to work, social withdrawal, poor self-care.', 'First psychiatric hospitalization. Outpatient therapy x 6 months with limited benefit. Family history positive for depression and suicide.', 'Denies current use. Social alcohol use in past.', 'Alert, cooperative. Psychomotor retardation noted.', 'Depressed, hopeless', 'Constricted, tearful', 'Linear, goal-directed', 'Preoccupation with feelings of worthlessness, passive death wishes', 'PASSIVE', 'NONE', 'Fair', 'Fair', 'MODERATE', 'Major Depressive Disorder, Severe', 'F33.2', NULL, NULL, 'Severe', 'Severe major depression with passive SI, requiring inpatient stabilization and medication management.'),
(2, 4, '2025-02-18', '14:30', 'INTAKE', 'Alcohol dependence, depression', 'Patient brought in by family after 5-day drinking binge. Reports drinking daily for past 10 years, increased last 6 months after job loss. Mild withdrawal symptoms present.', 'History of depression treated with antidepressants. Previous detox admissions x2.', 'Alcohol: 12-15 beers daily. Last drink 24 hours ago. Denies other substances.', 'Alert, slightly tremulous. Mild diaphoresis.', 'Anxious, dysphoric', 'Anxious, restricted', 'Linear', 'Guilt about drinking, worry about family', 'NONE', 'NONE', 'Fair', 'Impaired', 'LOW', 'Alcohol Use Disorder, Severe', 'F10.20', 'Major Depressive Disorder, Recurrent', 'F33.1', 'Severe', 'Severe alcohol use disorder with depression. Requires medically supervised detox and dual diagnosis treatment.'),
(3, 2, '2025-02-20', '11:00', 'INTAKE', 'Self-harm, depression, school refusal', '17-year-old male with 6-month history of depression, cutting behaviors, academic decline. Parents report social isolation, gaming for 12+ hours daily. Recent breakup with girlfriend.', 'No previous psychiatric treatment. Bullying history in middle school.', 'Admits to marijuana use on weekends with friends. Denies other substances.', 'Alert, guarded initially, opens up during interview.', 'Sad, irritable', 'Labile', 'Linear', 'Self-deprecating thoughts, feeling like a burden to family', 'ACTIVE_NO_PLAN', 'NONE', 'Limited', 'Limited', 'MODERATE', 'Major Depressive Disorder, Single Episode, Moderate', 'F32.1', 'Cannabis Use Disorder, Mild', 'F12.10', 'Moderate', 'Adolescent depression with NSSI and cannabis use. Family dynamics assessment needed. Inpatient stabilization appropriate.'),
(4, 3, '2025-02-22', '09:30', 'INTAKE', 'Paranoia, confusion, agitation', '78-year-old female brought to ED by son due to increasing paranoia, accusing family of stealing, refusing medications. Progressive decline over 3 months.', 'History of late-onset depression, treated with sertraline. Increasing memory problems noted by family over past year.', 'Denies. Takes multiple medications for hypertension, diabetes.', 'Alert but disoriented to place and time. Poor attention and concentration.', 'Anxious, suspicious', 'Blunted', 'Tangential at times', 'Paranoid ideation regarding family members stealing possessions', 'NONE', 'NONE', 'Poor', 'Poor', 'MODERATE', 'Major Neurocognitive Disorder, Probable Alzheimer''s, with Behavioral Disturbance', 'F02.81', 'Unspecified Psychotic Disorder', 'F29', 'Moderate', 'Dementia with psychotic features requiring stabilization and medication adjustment. Caregiver education needed.'),
(5, 1, '2025-02-25', '15:00', 'INTAKE', 'Bipolar disorder, manic episode', 'Patient presents with decreased need for sleep x 1 week, rapid speech, grandiose ideas about starting multiple businesses. Stopped taking lithium 3 weeks ago stating he felt great.', 'Bipolar I disorder diagnosed 10 years ago. Multiple hospitalizations for mania. Medication non-compliance pattern.', 'Increased alcohol use during manic episodes. Currently denies.', 'Hyperactive, pressured speech, flight of ideas noted.', 'Elevated, euphoric', 'Expansive', 'Flight of ideas', 'Grandiose plans, increased goal-directed activity', 'NONE', 'NONE', 'Poor', 'Impaired', 'MODERATE', 'Bipolar I Disorder, Current Episode Manic, Severe', 'F31.13', NULL, NULL, 'Severe', 'Manic episode in context of medication non-adherence. Requires mood stabilization and medication compliance work.'),
(6, 1, '2025-02-28', '13:00', 'INTAKE', 'Suicidal crisis, borderline traits', '24-year-old with chronic SI and multiple suicide attempts (cutting, overdose). Current crisis triggered by relationship breakup. Presents with fresh cutting injuries.', 'Multiple psychiatric hospitalizations starting age 16. Diagnoses have included depression, PTSD, borderline personality disorder. History of childhood sexual abuse.', 'Daily marijuana use. Occasional binge drinking. History of other substance experimentation.', 'Alert, intense presentation, labile affect throughout interview.', 'Dysphoric, angry', 'Labile', 'Linear', 'Intense abandonment fears, identity confusion, chronic emptiness', 'ACTIVE_WITH_PLAN', 'NONE', 'Limited', 'Limited', 'HIGH', 'Borderline Personality Disorder', 'F60.3', 'Major Depressive Disorder, Recurrent', 'F33.1', 'Severe', 'High-risk patient with BPD and acute suicidal crisis. Safety concerns require inpatient stabilization. DBT indicated.'),
(7, 4, '2026-01-05', '10:30', 'INTAKE', 'Cocaine dependence, paranoia', 'Patient using cocaine daily x 6 months. Spending entire paycheck on drugs. Wife threatening to leave. Experiencing paranoia that people are following him.', 'No previous psychiatric treatment. Brother has substance use disorder.', 'Cocaine: 2-3 grams daily. Last use 36 hours ago. Also smoking marijuana daily. Alcohol on weekends.', 'Alert, hypervigilant, scanning environment frequently.', 'Anxious', 'Constricted', 'Circumstantial', 'Paranoid thoughts about being followed, monitored', 'NONE', 'NONE', 'Fair', 'Impaired', 'MODERATE', 'Stimulant Use Disorder, Severe (Cocaine)', 'F14.20', 'Stimulant-Induced Psychotic Disorder', 'F14.959', 'Severe', 'Severe cocaine use disorder with substance-induced psychosis. Requires detox and intensive substance abuse treatment.'),
(8, 2, '2026-01-10', '14:00', 'INTAKE', 'Anorexia nervosa, depression', '22-year-old female with 18-month history of restrictive eating, excessive exercise, 35-pound weight loss. Current BMI 16.5. Medical concerns include bradycardia and electrolyte abnormalities.', 'History of anxiety and perfectionism. Some depression symptoms. No previous eating disorder treatment.', 'Denies. Caffeine use for appetite suppression.', 'Alert, thin appearance, cooperative but minimizes concerns.', 'Anxious', 'Restricted', 'Linear', 'Distorted body image, intense fear of weight gain, preoccupation with food and calories', 'NONE', 'NONE', 'Poor regarding illness severity', 'Fair', 'HIGH', 'Anorexia Nervosa, Restricting Type, Severe', 'F50.01', 'Generalized Anxiety Disorder', 'F41.1', 'Severe', 'Severe anorexia nervosa with medical complications requiring stabilization. Multidisciplinary treatment needed.');

-- =====================================================
-- TREATMENT PLANS
-- =====================================================
INSERT INTO treatment_plan (client_id, primary_clinician_id, plan_start_date, plan_review_date, treatment_goals, objectives_interventions, therapeutic_modality, frequency_of_sessions, estimated_duration, discharge_criteria, plan_status, client_agreement_signed) VALUES
(1, 1, '2025-02-16', '2025-03-16', 'Goal 1: Patient will report reduction in suicidal ideation. Goal 2: Patient will demonstrate improved mood and functioning. Goal 3: Patient will identify coping strategies for managing depression.', 'Obj 1a: Participate in individual therapy 3x/week. Obj 1b: Engage in medication management. Obj 2a: Attend group therapy daily. Obj 3a: Develop safety plan with triggers and coping skills.', 'CBT, Supportive Therapy', '3 individual sessions per week, daily group therapy', '4-6 weeks', 'No active SI for 72 hours, stable on medications, safe discharge plan in place, outpatient follow-up arranged.', 'ACTIVE', TRUE),
(2, 4, '2025-02-19', '2025-03-19', 'Goal 1: Complete safe medical detoxification. Goal 2: Engage in dual diagnosis treatment. Goal 3: Develop relapse prevention plan.', 'Obj 1a: Medical monitoring during detox. Obj 1b: Medication management for withdrawal. Obj 2a: Individual therapy 2x/week. Obj 2b: Dual diagnosis group daily. Obj 3a: Identify triggers and high-risk situations.', 'Motivational Interviewing, 12-Step Facilitation', 'Daily group therapy, individual therapy 2x/week', '3-4 weeks', 'Medically stable, engaged in recovery, attending AA/NA, outpatient or residential treatment arranged.', 'ACTIVE', TRUE),
(3, 2, '2025-02-21', '2025-03-21', 'Goal 1: Patient will refrain from self-harm behaviors. Goal 2: Patient will learn healthy coping skills. Goal 3: Patient will improve communication with family.', 'Obj 1a: Use safety plan when having urges to self-harm. Obj 1b: Participate in DBT skills groups. Obj 2a: Practice distress tolerance skills. Obj 3a: Participate in family therapy sessions.', 'DBT, Family Therapy', 'Individual therapy 2x/week, DBT skills group 3x/week, family therapy 1x/week', '4-6 weeks', 'No self-harm x 2 weeks, using coping skills effectively, improved family communication, school re-entry plan.', 'ACTIVE', TRUE),
(4, 3, '2025-02-23', '2025-03-23', 'Goal 1: Reduce agitation and paranoia. Goal 2: Improve cognitive functioning to baseline. Goal 3: Establish safe discharge plan with family support.', 'Obj 1a: Medication adjustment for behavioral symptoms. Obj 1b: Structured daily activities. Obj 2a: Cognitive assessment. Obj 3a: Family education on dementia care. Obj 3b: Evaluate need for assisted living.', 'Supportive Therapy, Reality Orientation', 'Daily group activities, family meetings 2x/week', '2-3 weeks', 'Behavioral symptoms controlled, family educated and able to provide care or placement arranged.', 'ACTIVE', TRUE),
(5, 1, '2025-02-26', '2025-03-26', 'Goal 1: Stabilize mood. Goal 2: Resume medication adherence. Goal 3: Recognize warning signs of mood episodes.', 'Obj 1a: Mood stabilizer medication management. Obj 1b: Daily mood monitoring. Obj 2a: Psychoeducation on bipolar disorder. Obj 2b: Address barriers to medication adherence. Obj 3a: Identify personal relapse warning signs.', 'Psychoeducation, Supportive Therapy', 'Daily psychiatry check-ins, group therapy 5x/week', '2-3 weeks', 'Mood stable, therapeutic medication levels, insight into illness, medication adherence plan in place.', 'ACTIVE', TRUE);

-- =====================================================
-- THERAPY SESSIONS
-- =====================================================
INSERT INTO therapy_session (client_id, clinician_id, session_date, session_start_time, session_end_time, session_duration_minutes, session_modality, session_type, attendance_status, client_presentation, topics_addressed, interventions_used, client_response, risk_assessment_summary, progress_toward_goals, session_note_signed, signature_timestamp) VALUES
(1, 1, '2025-02-17', '10:00', '10:50', 50, 'INDIVIDUAL', 'IN_PERSON', 'ATTENDED', 'Patient tearful but engaged, making good eye contact.', 'Discussed current depression symptoms, SI timeline, identified triggers including isolation and negative self-talk.', 'CBT techniques: cognitive restructuring of negative thoughts, developed initial safety plan.', 'Patient receptive to interventions, able to identify some automatic negative thoughts.', 'Passive SI present but no plan or intent. Safety plan established. Low acute risk.', 'Beginning to engage in treatment. Identifying cognitive patterns contributing to depression.', TRUE, '2025-02-17 11:00:00'),
(2, 4, '2025-02-20', '14:00', '14:45', 45, 'INDIVIDUAL', 'IN_PERSON', 'ATTENDED', 'Patient calmer than admission, withdrawal symptoms resolving. More open about substance use.', 'Reviewed substance use history in detail, explored connection between alcohol use and depression, discussed impact on family.', 'Motivational interviewing: explored ambivalence about sobriety, change talk elicited.', 'Patient expressing some motivation for change, acknowledging negative consequences of use.', 'No SI/HI. Medically stable. Committed to staying in treatment.', 'Beginning to develop insight into dual diagnosis. Early engagement in recovery.', TRUE, '2025-02-20 15:00:00'),
(3, 2, '2025-02-22', '15:00', '15:50', 50, 'INDIVIDUAL', 'IN_PERSON', 'ATTENDED', 'Adolescent initially guarded but warmed up during session. Less defensive than admission.', 'Explored precipitants to current crisis, discussed feelings about girlfriend breakup, examined pattern of self-harm as coping.', 'DBT: introduced concept of emotion regulation, taught TIPP skill for distress tolerance.', 'Patient engaged well, practiced TIPP skill in session, reported it was helpful.', 'SI decreased to moderate level. Denies current self-harm urges. Using coping card.', 'Good progress. Learning alternative coping skills. Reduced SI.', TRUE, '2025-02-22 16:00:00'),
(5, 1, '2025-02-27', '09:00', '09:30', 30, 'INDIVIDUAL', 'IN_PERSON', 'ATTENDED', 'Patient still somewhat elevated but less grandiose. Sleep improving with medication.', 'Psychoeducation about bipolar disorder, reviewed prior episodes and pattern of stopping medication, explored consequences.', 'Motivational enhancement: examined pros/cons of medication adherence.', 'Patient beginning to show more insight, acknowledges need for consistent treatment.', 'No current safety concerns. Mood stabilizing.', 'Developing insight into illness. More willing to discuss medication maintenance.', TRUE, '2025-02-27 09:45:00'),
(6, 5, '2025-03-01', '11:00', '11:50', 50, 'INDIVIDUAL', 'IN_PERSON', 'ATTENDED', 'Patient emotionally intense, alternating between tears and anger. Splitting noted.', 'Addressed recent relationship loss, explored pattern of intense unstable relationships, worked on distress tolerance.', 'DBT: STOP skill taught and practiced, validation of emotions while addressing maladaptive behaviors.', 'Patient able to use STOP skill by end of session to decrease emotional intensity.', 'SI fluctuating but manageable with coping skills. No recent cutting. Safety plan reviewed.', 'Small gains in emotional regulation. Needs continued intensive DBT work.', TRUE, '2025-03-01 12:00:00');

-- =====================================================
-- PSYCHIATRIC MEDICATIONS FORMULARY
-- =====================================================
INSERT INTO psych_medication_formulary (medication_name, generic_equivalent, drug_category, controlled_class, black_box_warning_text, typical_starting_dose, therapeutic_range, monitoring_requirements) VALUES
('Sertraline', 'Sertraline HCl', 'SSRI Antidepressant', NULL, 'Increased risk of suicidal thinking and behavior in children, adolescents, and young adults taking antidepressants.', '50mg daily', '50-200mg daily', 'Monitor for activation, suicidality, serotonin syndrome'),
('Lithium', 'Lithium Carbonate', 'Mood Stabilizer', NULL, 'Lithium toxicity is closely related to serum lithium levels.', '300mg twice daily', 'Serum level 0.6-1.2 mEq/L', 'Serum lithium levels, renal function, thyroid function'),
('Quetiapine', 'Quetiapine Fumarate', 'Atypical Antipsychotic', NULL, 'Increased mortality in elderly patients with dementia-related psychosis.', '25-50mg at bedtime', '150-800mg daily', 'Metabolic panel, lipids, weight, movement disorders'),
('Lorazepam', 'Lorazepam', 'Benzodiazepine', 'C-IV', 'Risk of abuse, misuse, and addiction. Physical dependence and withdrawal.', '0.5-1mg', '1-6mg daily divided', 'Monitor for sedation, respiratory depression, dependence'),
('Naltrexone', 'Naltrexone HCl', 'Opioid Antagonist', NULL, 'Risk of hepatotoxicity at higher doses.', '50mg daily', '50-100mg daily', 'Liver function tests, ensure opioid-free before starting'),
('Fluoxetine', 'Fluoxetine HCl', 'SSRI Antidepressant', NULL, 'Increased risk of suicidal thinking and behavior in children, adolescents, and young adults.', '20mg daily', '20-80mg daily', 'Monitor for activation, suicidality, serotonin syndrome'),
('Aripiprazole', 'Aripiprazole', 'Atypical Antipsychotic', NULL, 'Increased mortality in elderly patients with dementia-related psychosis.', '5-10mg daily', '10-30mg daily', 'Metabolic monitoring, movement disorders, akathisia'),
('Buprenorphine/Naloxone', 'Buprenorphine/Naloxone', 'Opioid Partial Agonist', 'C-III', 'Risk of addiction, abuse, and misuse. Risk of respiratory depression.', '4/1mg daily', '8/2mg to 24/6mg daily', 'Monitor for diversion, precipitated withdrawal'),
('Valproic Acid', 'Divalproex Sodium', 'Mood Stabilizer', NULL, 'Hepatotoxicity, teratogenicity, pancreatitis.', '250mg twice daily', 'Serum level 50-125 mcg/mL', 'Serum levels, liver function, CBC, ammonia'),
('Risperidone', 'Risperidone', 'Atypical Antipsychotic', NULL, 'Increased mortality in elderly patients with dementia-related psychosis.', '0.5-1mg', '2-6mg daily', 'Metabolic monitoring, prolactin, movement disorders');

-- =====================================================
-- MEDICATION ORDERS
-- =====================================================
INSERT INTO medication_order (client_id, prescriber_id, medication_id, medication_name_text, order_date, start_date, dosage_amount, dosage_unit, route_of_admin, frequency, indication_for_use, order_status) VALUES
(1, 1, 1, 'Sertraline', '2025-02-15', '2025-02-16', '100', 'mg', 'PO', 'Daily in AM', 'Major Depressive Disorder', 'ACTIVE'),
(1, 1, 3, 'Quetiapine', '2025-02-15', '2025-02-16', '50', 'mg', 'PO', 'QHS', 'Insomnia, augmentation for depression', 'ACTIVE'),
(2, 4, 4, 'Lorazepam', '2025-02-18', '2025-02-18', '1', 'mg', 'PO', 'Q6H PRN', 'Alcohol withdrawal symptoms', 'ACTIVE'),
(2, 4, 5, 'Naltrexone', '2025-02-22', '2025-02-23', '50', 'mg', 'PO', 'Daily', 'Alcohol Use Disorder', 'ACTIVE'),
(2, 4, 6, 'Fluoxetine', '2025-02-19', '2025-02-20', '40', 'mg', 'PO', 'Daily in AM', 'Major Depressive Disorder', 'ACTIVE'),
(3, 2, 6, 'Fluoxetine', '2025-02-20', '2025-02-21', '20', 'mg', 'PO', 'Daily in AM', 'Major Depressive Disorder', 'ACTIVE'),
(3, 2, 3, 'Quetiapine', '2025-02-20', '2025-02-21', '25', 'mg', 'PO', 'QHS', 'Sleep aid', 'ACTIVE'),
(4, 3, 10, 'Risperidone', '2025-02-22', '2025-02-22', '0.5', 'mg', 'PO', 'BID', 'Psychosis associated with dementia', 'ACTIVE'),
(5, 1, 2, 'Lithium', '2025-02-25', '2025-02-26', '300', 'mg', 'PO', 'BID', 'Bipolar I Disorder, Mood Stabilization', 'ACTIVE'),
(5, 1, 3, 'Quetiapine', '2025-02-25', '2025-02-26', '200', 'mg', 'PO', 'QHS', 'Acute mania, sleep', 'ACTIVE'),
(6, 1, 1, 'Sertraline', '2025-02-28', '2025-03-01', '150', 'mg', 'PO', 'Daily in AM', 'Depression', 'ACTIVE'),
(6, 1, 4, 'Lorazepam', '2025-02-28', '2025-03-01', '0.5', 'mg', 'PO', 'BID PRN', 'Severe anxiety', 'ACTIVE');

-- =====================================================
-- MEDICATION ADMINISTRATION RECORD
-- =====================================================
INSERT INTO med_administration_record (order_id, client_id, administering_staff_id, scheduled_datetime, actual_datetime, dose_given, administration_status, client_response) VALUES
(1, 1, 7, '2025-02-16 08:00:00', '2025-02-16 08:15:00', '100mg', 'GIVEN', 'Tolerated well, no adverse effects noted'),
(2, 1, 7, '2025-02-16 21:00:00', '2025-02-16 21:10:00', '50mg', 'GIVEN', 'Patient reports improved sleep'),
(3, 2, 8, '2025-02-18 08:00:00', '2025-02-18 08:05:00', '1mg', 'GIVEN', 'Decreased tremor and anxiety'),
(5, 2, 7, '2025-02-20 08:00:00', '2025-02-20 08:20:00', '40mg', 'GIVEN', 'Tolerated well'),
(6, 3, 7, '2025-02-21 08:00:00', '2025-02-21 08:30:00', '20mg', 'GIVEN', 'No adverse effects'),
(7, 3, 8, '2025-02-21 21:00:00', '2025-02-21 21:15:00', '25mg', 'GIVEN', 'Patient slept 7 hours'),
(9, 5, 7, '2025-02-26 08:00:00', '2025-02-26 08:10:00', '300mg', 'GIVEN', 'Tolerated, no tremor'),
(10, 5, 8, '2025-02-26 21:00:00', '2025-02-26 21:05:00', '200mg', 'GIVEN', 'Decreased agitation, slept better'),
(11, 6, 7, '2025-03-01 08:00:00', '2025-03-01 08:25:00', '150mg', 'GIVEN', 'No adverse effects noted'),
(1, 1, 7, '2025-02-17 08:00:00', '2025-02-17 08:12:00', '100mg', 'GIVEN', 'Continuing to tolerate well');

-- =====================================================
-- GROUP THERAPY SESSIONS
-- =====================================================
INSERT INTO group_therapy (group_name, facilitator_id, co_facilitator_id, session_date, session_time, duration_minutes, group_type, topic_focus, session_notes, attendance_count) VALUES
('CBT Skills Group', 5, NULL, '2025-02-17', '14:00', 60, 'SKILLS', 'Identifying Automatic Negative Thoughts', 'Good group participation. Patients shared examples of ANTs and practiced challenging them with evidence.', 8),
('Dual Diagnosis Group', 4, 6, '2025-02-19', '10:00', 90, 'PSYCHOEDUCATION', 'The Connection Between Substance Use and Mental Health', 'Interactive session. Patients identified their own patterns of self-medication. Good insight development.', 6),
('DBT Skills Group', 5, NULL, '2025-02-22', '15:00', 90, 'SKILLS', 'Distress Tolerance: TIPP Skills', 'Taught and practiced TIPP skills. Several patients reported using skills between sessions successfully.', 7),
('Wellness and Recovery', 6, NULL, '2025-02-23', '11:00', 60, 'SUPPORT', 'Building Your Support Network', 'Patients discussed importance of support systems and identified people they can reach out to.', 9),
('Relapse Prevention', 4, NULL, '2025-02-25', '13:00', 60, 'PSYCHOEDUCATION', 'Identifying Triggers and High-Risk Situations', 'Patients created personalized trigger lists and discussed coping strategies for each trigger.', 5),
('Mindfulness Practice', 5, NULL, '2025-02-26', '09:00', 45, 'SKILLS', 'Guided Mindfulness Meditation', 'Guided 20-minute meditation followed by processing. Most patients able to stay present.', 10);

-- =====================================================
-- GROUP ATTENDANCE
-- =====================================================
INSERT INTO group_attendance (group_session_id, client_id, attendance_status, participation_level, clinical_notes) VALUES
(1, 1, 'PRESENT', 'MODERATE', 'Patient participated, shared one example of negative thought.'),
(1, 3, 'PRESENT', 'ACTIVE', 'Highly engaged, excellent examples shared, helped other group members.'),
(2, 2, 'PRESENT', 'ACTIVE', 'Openly discussed pattern of drinking when depressed. Good insight.'),
(2, 7, 'PRESENT', 'MODERATE', 'Participated when prompted, some defensiveness noted.'),
(3, 3, 'PRESENT', 'ACTIVE', 'Demonstrated TIPP skill correctly. Reported using it successfully.'),
(3, 6, 'PRESENT', 'ACTIVE', 'Very engaged. Practiced skills and asked good questions.'),
(4, 1, 'PRESENT', 'MINIMAL', 'Present but quiet. Identified mother as support person.'),
(4, 5, 'PRESENT', 'MODERATE', 'Discussed need to reconnect with old friends from before illness.'),
(5, 2, 'PRESENT', 'ACTIVE', 'Created detailed trigger list. Identified specific high-risk situations.'),
(6, 1, 'PRESENT', 'MODERATE', 'Able to focus during meditation. Reports it was helpful.');

-- =====================================================
-- CRISIS INCIDENTS
-- =====================================================
INSERT INTO crisis_incident (client_id, incident_datetime, reporting_staff_id, incident_type, severity_level, incident_location, detailed_description, antecedents, interventions_applied, restraint_used, seclusion_used, prn_medication_given, outcome_resolution, followup_plan) VALUES
(6, '2025-02-28 22:30:00', 8, 'SELF_HARM', 'MODERATE', 'Patient Bathroom', 'Patient found with superficial scratches on forearm. Disclosed she used fingernails after triggering phone call with ex-partner.', 'Received upsetting phone call from ex-partner approximately 30 minutes prior. Did not use call for help or coping skills.', 'One-to-one observation initiated. Processed incident with staff. Safety plan reviewed. Called for PRN medication evaluation.', FALSE, FALSE, TRUE, 'Patient calmed with verbal support and PRN medication. Agreed to ask for help if urges return. Wounds cleaned and dressed.', 'Continue one-to-one observation for 4 hours. Psychiatry notified. Process incident in individual therapy.'),
(3, '2025-02-21 15:15:00', 7, 'AGGRESSION', 'MINOR', 'Day Room', 'Patient became verbally aggressive with peer after dispute over TV channel. Raised voice, made threatening statement but no physical contact.', 'Patient appeared irritable throughout the day. Conflict arose over TV remote with another patient.', 'Staff intervened verbally. Separated patients. Offered patient time in quiet area and PRN medication. Patient chose quiet time over medication.', FALSE, FALSE, FALSE, 'Patient calmed after 20 minutes in quiet area. Able to process incident and identify better ways to handle frustration. Apologized to peer.', 'Monitor for continued irritability. Review anger management skills in therapy.'),
(7, '2026-01-06 03:00:00', 8, 'AGITATION', 'MODERATE', 'Patient Room', 'Patient unable to sleep, pacing in room, expressing paranoid ideation about staff "poisoning" medications. Becoming increasingly agitated.', 'Patient in active cocaine withdrawal. Paranoid thoughts worsening despite medication. Sleep deprivation contributing.', 'Verbal de-escalation attempted. PRN medication offered and accepted. Psychiatrist contacted for medication review.', FALSE, FALSE, TRUE, 'Patient calmed after PRN medication. Able to sleep for 4 hours. Paranoid thoughts improved but not resolved. Medication adjustment made.', 'Continue close monitoring. Medication adjustment per psychiatry. Reality orientation as needed.');
